sample_index,P,K,Mg,pH
0,66.82546,218.77954,162.27281,5.8510914
1,65.24831,212.6295,159.73418,5.955391
2,67.34877,218.73756,160.92485,5.986545
3,65.4344,212.16898,156.5821,5.8722343
4,62.755043,203.0935,152.13437,5.728677
5,63.051758,201.98079,148.52342,5.948229
6,63.536125,205.27835,155.36757,6.0670466
7,62.336464,200.80292,151.73512,5.8970814
8,64.83246,211.4616,158.76228,5.874237
9,73.62678,221.97783,146.13817,7.1679463
10,65.81248,214.63988,160.64558,5.940306
11,66.82995,219.31184,162.77782,5.8541694
12,63.522995,207.62811,156.49106,5.9465957
13,60.94574,196.05595,146.50563,5.7229643
14,61.714462,199.46623,151.74095,6.00848
15,72.80597,218.76219,144.54648,7.3683524
16,61.82444,198.77373,151.51811,6.022822
17,63.766308,203.4113,151.78886,6.0157228
18,62.094482,200.52504,151.11618,5.8777294
19,74.3392,225.0422,147.1378,7.152555
20,62.098267,200.91988,152.66376,5.955311
21,65.865524,214.48892,159.87532,5.8741155
22,62.030052,200.33873,150.42146,5.8677006
23,61.234398,197.01778,149.50612,5.9579296
24,62.548073,202.1054,152.35289,5.8515425
25,65.98121,214.72392,160.56528,5.957652
26,62.85859,203.52063,154.15388,5.9869905
27,69.08748,204.6945,138.14018,7.0654225
28,71.69022,214.85756,142.33017,7.288658
29,62.58125,200.64122,147.60701,5.7676578
30,73.1515,224.5665,149.03767,6.899299
31,64.598335,209.94992,157.49544,5.872462
32,66.02627,199.5778,140.56212,6.9582257
33,67.09165,219.52441,160.53676,5.8100615
34,66.56959,217.5677,162.05397,5.913844
35,63.339977,205.2784,155.47319,6.025061
36,62.19141,199.43922,151.88414,6.09009
37,69.97636,225.99603,161.50739,5.786897
38,64.35821,209.24046,157.82849,5.998464
39,77.80918,238.20609,153.77104,7.3365684
40,62.626328,202.29518,152.33202,5.7873845
41,81.493065,252.89848,160.55103,7.393163
42,65.696526,213.83653,159.45721,5.867618
43,75.47509,229.01338,149.56248,7.2467113
44,62.467262,201.15793,152.47127,6.0546002
45,62.17682,199.04753,149.97401,6.032528
46,66.95362,219.97255,163.04245,5.8430796
47,72.084335,216.41707,143.24956,7.0549927
48,67.42718,202.17723,137.16391,6.949647
49,72.12083,216.25606,143.16373,7.1564107
50,62.82898,202.47017,152.68156,5.898972
51,61.356693,195.56142,149.73952,6.2188354
52,78.150955,239.80392,154.31648,7.3002896
53,64.8847,194.68193,138.79816,6.750408
54,68.768776,203.99208,136.83948,7.296628
55,72.832634,219.173,144.37688,7.1415067
56,77.61166,237.54355,153.35558,7.317833
57,64.1135,207.42741,155.44112,5.875007
58,64.34722,199.33237,140.44383,6.0359097
59,73.60406,221.91844,145.92088,7.1970153
60,62.25158,199.83624,151.64268,6.005795
61,66.60242,217.42618,162.29353,5.9584503
62,62.650993,202.58807,153.46562,6.0184445
63,61.625862,198.27364,150.81306,5.991387
64,64.886406,210.07271,156.71608,5.8586264
65,69.429405,206.16064,138.24858,7.2164297
66,60.787228,190.51714,139.77467,5.9862466
67,61.29535,196.37384,148.80544,5.947275
68,62.80167,200.89015,152.51263,6.1280866
69,65.89587,202.14085,139.08043,6.481799
70,62.688072,198.23077,149.52045,6.141523
71,64.86552,210.02684,156.4353,5.848609
72,63.80037,209.26219,156.51509,5.835031
73,65.04032,211.6768,158.68645,5.9545784
74,61.41988,198.29012,149.34724,5.770333
75,62.792236,197.99147,141.69722,5.906557
76,64.00308,207.7364,153.85857,5.859584
77,72.97241,219.58792,144.69275,7.167058
78,65.917946,213.98659,158.24614,5.947496
79,74.81173,226.79663,148.06718,7.219446
80,75.01125,226.99493,148.70966,7.2882967
81,67.70318,199.97005,134.88138,7.191049
82,68.161705,204.12001,137.48747,6.7589793
83,67.2091,217.94164,157.5843,6.0810847
84,74.06621,223.42982,147.05327,7.2142296
85,63.25892,205.05125,154.65936,5.8912697
86,80.3805,248.80548,158.39836,7.2563586
87,63.90542,207.30855,155.67955,5.952172
88,79.871635,246.50697,157.51787,7.3640866
89,66.97042,219.47264,161.92892,5.854736
90,62.24041,200.53215,152.21259,5.9629946
91,63.3943,206.15367,153.91957,5.6352553
92,67.88926,200.67964,135.29698,7.215088
93,72.27454,217.00685,143.36424,7.121852
94,66.94933,219.58601,160.71906,5.7884574
95,76.818344,233.9832,152.15034,7.307908
96,74.54943,226.0683,147.41887,7.106633
97,65.820946,214.52202,159.47614,5.867692
98,78.50731,241.3087,155.0995,7.279676
99,63.06413,203.80255,154.31526,6.026602
100,64.048325,205.16273,152.51747,5.959531
101,66.71462,214.44296,156.65515,5.9236803
102,65.03086,203.43541,147.87646,6.5352154
103,62.76426,188.04858,130.30228,6.4213767
104,62.076553,200.72298,152.68958,6.022814
105,63.396236,205.50844,154.464,5.7910213
106,67.12727,220.88052,163.36873,5.7937627
107,66.45333,216.76949,161.6022,5.9213557
108,65.56649,213.35129,159.64977,5.938855
109,62.72252,202.88799,153.99588,6.0041018
110,62.641476,200.6486,150.62541,5.9688573
111,80.80111,249.66747,159.43336,7.3969083
112,71.756004,214.70631,142.65742,7.2488065
113,67.2957,198.51164,134.04956,7.1553054
114,77.40916,236.71426,152.9677,7.301755
115,63.91092,208.32942,156.20099,5.818445
116,66.40992,217.0696,161.79756,5.9227915
117,71.425354,213.76465,141.99594,7.429913
118,63.154377,203.87267,151.43874,5.743059
119,73.451485,221.51363,145.55125,7.1938086
120,65.55259,213.11674,159.82137,5.989882
121,65.05091,211.29146,157.97968,5.8435426
122,64.48449,199.00056,142.61794,6.3314533
123,67.6775,211.74516,146.24013,6.477611
124,63.007927,203.49792,153.49486,5.937332
125,70.81591,211.5109,140.70879,7.29571
126,61.257195,191.12581,139.99574,6.0267863
127,65.50199,213.81985,160.54454,5.9578066
128,68.00396,202.6635,136.9735,6.9488473
129,59.138885,179.46214,133.5638,6.1327467
130,77.60371,237.6634,153.27934,7.2758393
131,60.37246,194.92473,146.01634,5.6603336
132,73.97251,223.41039,146.62411,7.162396
133,62.06334,189.2899,138.64195,6.511254
134,62.165688,201.69133,152.1556,5.821991
135,64.351204,209.01633,156.51949,5.8764887
136,62.33356,198.4486,142.5433,5.8338723
137,62.0405,201.18713,151.02234,5.787899
138,64.165695,207.62257,156.17456,5.9434047
139,73.34925,220.9669,145.4833,7.183068
140,62.227287,199.89293,149.8334,5.853054
141,62.683083,202.96396,150.71284,5.632091
142,64.505165,210.91357,157.88387,5.80552
143,65.40176,214.31247,159.72356,5.817473
144,64.90075,209.2469,154.5625,5.851119
145,76.597786,233.35146,151.58064,7.317945
146,73.74551,222.50645,146.27705,7.392734
147,65.302986,205.23894,147.4919,6.0068817
148,65.382164,212.56303,159.04086,5.9110813
149,68.242096,202.51997,136.06053,6.9763703
150,71.17901,212.6103,141.80684,7.094418
151,75.76101,230.17348,149.96584,7.3154063
152,69.195564,225.40259,161.15779,5.9526243
153,60.30166,193.35512,147.32202,5.9696317
154,67.53304,206.29822,145.78777,6.9317145
155,74.071266,224.0493,146.649,7.163291
156,61.61139,198.9673,150.73819,5.8823066
157,66.18972,217.4756,162.34683,6.0129223
158,61.08173,191.5317,140.1591,5.9127393
159,65.71215,214.01506,159.7061,5.88924
160,65.6249,214.37447,158.3053,5.8712215
161,66.24975,215.71872,161.35617,5.9794917
162,72.72254,218.75261,144.1682,7.1575065
163,71.04415,212.34734,141.01233,7.0885787
164,63.11503,203.95317,154.61378,6.0497828
165,64.47852,209.79173,156.8998,5.8372197
166,63.96576,209.65489,157.64946,5.8688574
167,65.8543,210.77214,152.77654,6.23763
168,71.05126,212.34895,141.18935,7.30298
169,64.79623,212.49455,159.19804,5.979833
170,61.59382,198.08116,151.14632,6.0410385
171,67.39628,198.85298,134.13058,7.1169868
172,70.897606,211.5143,141.11317,7.333489
173,64.40139,207.44226,153.33224,5.8084483
174,63.255558,201.58855,150.71962,5.999403
175,62.753994,202.44597,151.70491,5.792422
176,63.58217,206.18001,154.0272,5.790671
177,62.244537,200.28864,152.30135,6.0769258
178,64.2201,207.73991,156.41946,6.018113
179,65.40063,213.08087,158.90627,5.921436
180,64.51834,204.34264,146.87216,5.886454
181,66.54925,217.83316,161.82755,5.86666
182,84.214,263.55048,165.77776,7.342521
183,76.08733,231.3781,150.56538,7.3092837
184,64.61536,203.485,141.64926,5.874542
185,63.276314,203.93127,154.76485,6.057966
186,74.3792,225.04318,147.31639,7.231306
187,63.39477,204.20375,154.05254,5.9616604
188,67.955795,221.70525,156.66469,5.671923
189,65.31664,213.68343,158.95253,5.7992
190,62.26842,197.63298,145.56616,6.113145
191,74.73032,226.67381,147.80548,7.1209955
192,64.63774,210.60423,158.30898,5.907521
193,63.545563,207.00652,155.49559,5.822929
194,63.516125,205.1456,154.52316,5.871588
195,65.84249,214.36842,160.77556,5.999077
196,63.880234,207.48305,155.98398,5.904154
197,67.61435,199.53465,134.69475,7.136231
198,66.901085,216.95674,159.65977,5.9943776
199,66.39528,216.48941,161.71983,5.9578886
200,61.00189,194.86006,146.43758,5.837189
201,58.83587,179.04677,131.42137,6.051994
202,63.708473,206.06837,155.8438,6.0627084
203,64.26252,208.68224,156.05577,5.8176026
204,66.34481,216.24184,159.30708,5.791625
205,65.61648,212.85193,156.39684,5.891166
206,64.22055,208.82379,157.05167,5.9136596
207,59.77383,190.09892,143.52473,5.872626
208,63.100777,202.93881,154.0496,6.095836
209,64.149376,206.22797,152.6205,5.8376555
210,76.13692,232.31874,150.42126,7.089557
211,67.39172,218.37222,159.84395,6.011397
212,62.213627,199.78847,149.09187,5.835936
213,68.7045,219.0369,153.35957,5.8583407
214,63.23579,205.18219,155.1981,6.0093055
215,66.69866,212.67624,154.83824,6.1783924
216,65.70457,214.54404,160.88971,5.974652
217,72.42223,217.78368,143.48802,7.083363
218,63.79207,207.56358,155.92667,5.9802074
219,69.113884,205.13574,137.46393,7.2380195
220,65.724556,214.6292,160.15367,5.8658395
221,76.92645,235.1172,152.10162,7.264346
222,61.893578,199.84221,149.91167,5.8702116
223,66.212585,216.23955,161.3537,5.9296803
224,73.68934,222.69478,145.84474,7.1229997
225,67.307594,198.34593,134.2217,7.1853614
226,71.89479,220.36351,150.49197,6.7439823
227,75.17647,227.83482,148.90024,7.277125
228,61.992405,200.09247,149.90187,5.7954454
229,66.95942,209.46136,148.2794,6.818921
230,66.846504,196.63602,133.31638,7.1060023
231,66.37444,216.48958,161.50592,5.933956
232,61.18793,196.83995,149.47418,5.9664497
233,63.481384,205.22948,154.9909,6.018072
234,64.24377,207.06374,152.97345,5.790669
235,68.253395,202.20859,135.80653,7.2882614
236,64.800354,211.08046,158.89043,5.97292
237,60.808743,194.67009,146.89703,5.7376637
238,66.62621,204.96815,142.00911,6.704678
239,70.60529,219.72095,150.2715,6.558356
240,73.319336,220.98083,146.45587,7.4044566
241,68.08851,201.4619,135.49,7.205206
242,65.32218,210.67813,155.42363,5.8649545
243,72.37084,217.3448,143.5233,7.1412477
244,66.70464,218.00407,163.5552,6.011749
245,69.15425,208.03207,138.95769,6.8756943
246,64.78987,209.04308,153.94037,5.8051124
247,65.895775,214.81169,160.14314,5.874601
248,66.81864,218.72267,160.28716,5.7659316
249,65.2721,213.74104,160.02736,6.0182214
250,66.99085,219.39096,163.15428,5.907523
251,79.71426,245.12563,157.63145,7.4569354
252,63.80623,206.857,155.09448,5.825613
253,65.96067,214.695,160.5324,5.9492574
254,68.49946,202.8993,136.34413,7.2232614
255,64.956245,212.06801,159.29292,5.9718814
256,65.30548,197.38417,136.48167,6.7075124
257,66.90006,206.23552,144.04561,6.5948296
258,67.69561,199.7102,135.0229,7.0826755
259,61.625706,198.9457,151.37668,5.946659
260,60.805084,195.98312,148.12326,5.7961755
261,64.06394,208.9945,156.88374,5.8312764
262,65.327934,209.04068,151.04707,5.8981347
263,67.507805,219.39659,161.17032,5.934322
264,65.6588,216.81651,160.27052,5.687534
265,63.583645,206.67274,153.31227,5.851648
266,66.5651,215.97035,160.14058,5.9527025
267,65.99145,214.99445,160.59004,5.9401646
268,63.23907,204.5753,154.93805,6.0406413
269,77.54798,237.33406,153.20546,7.2711644
270,74.193726,224.1826,147.0891,7.216092
271,69.79238,207.66628,138.83638,7.2298017
272,61.986618,199.91151,151.0231,5.8509617
273,65.70913,214.24812,160.17105,5.937322
274,65.13246,212.44826,159.25275,5.991733
275,67.85931,220.63565,162.02519,5.9989495
276,65.51861,212.40936,158.20552,5.98982
277,65.086266,211.06511,159.15117,6.191378
278,61.658752,198.51569,150.83745,5.9853854
279,67.89225,208.71577,146.16795,6.437194
280,68.392815,202.3525,136.36327,7.2056355
281,62.79943,200.76018,149.87549,5.818827
282,75.94698,231.36427,150.13284,7.164596
283,66.217545,196.50716,133.74654,6.7597
284,64.53164,210.38463,157.76732,5.884658
285,65.38471,213.33904,157.5347,5.8495135
286,72.16333,218.88484,146.18207,7.135755
287,63.03083,203.15486,154.17772,6.064368
288,70.272964,209.56352,139.70926,7.2969236
289,64.02813,207.33394,156.68697,6.039269
290,64.57131,209.65215,157.60703,5.945904
291,66.359474,214.20174,156.89114,5.8582926
292,66.30418,214.18468,157.83296,5.9484487
293,63.013344,202.58646,151.25034,5.844708
294,62.80022,202.41211,153.27959,6.07664
295,65.88819,214.68568,159.85805,5.8672643
296,74.464325,225.55647,147.37447,7.169647
297,60.58736,192.83716,145.10658,5.8941717
298,63.999485,204.79039,151.4146,5.8340006
299,60.947968,196.55785,148.16734,5.7839737
300,69.7575,207.60164,138.64218,7.1704106
301,63.412594,205.25256,154.5599,5.978294
302,70.19216,210.0944,141.17499,7.2947917
303,64.89739,211.2716,158.01155,5.85821
304,64.57913,199.6606,140.50774,6.1109185
305,63.19534,200.23672,149.93065,6.1787395
306,66.190956,216.39903,159.84187,5.907506
307,66.70217,218.77592,162.38274,5.8447695
308,64.37378,208.57664,157.25735,6.0186076
309,68.33179,224.07799,164.17418,5.901023
310,62.336517,201.33894,152.84361,6.0081153
311,65.549644,213.39478,159.2554,5.882979
312,65.84828,214.2429,159.48372,5.8543463
313,64.03388,206.63948,153.04132,5.8105736
314,61.87444,199.18854,146.90073,5.6051188
315,63.949768,205.60947,152.99533,5.9098487
316,61.73697,181.40312,129.08427,6.657411
317,68.193855,201.8819,135.66756,7.2316575
318,67.1246,220.6306,163.60207,5.8683276
319,62.27485,199.57634,149.65407,5.867557
320,67.02192,219.34515,160.305,5.8333306
321,74.67802,226.24965,147.84677,7.203131
322,64.87817,210.44502,158.36246,6.0318923
323,70.22004,209.18427,139.7301,7.3558803
324,62.88105,202.60825,151.24733,5.7456064
325,65.56783,213.44763,159.56914,5.9216723
326,70.66136,223.82484,157.68767,6.38464
327,60.20744,192.79053,145.79156,5.8780727
328,63.90339,206.96024,156.34596,6.110141
329,62.66918,201.00395,149.3702,5.7032185
330,65.08883,212.89795,159.2997,6.0179753
331,77.6003,237.54976,153.31078,7.2780476
332,74.182976,224.14833,147.05379,7.205587
333,63.000656,203.56688,154.26598,6.0267653
334,64.02505,207.59003,156.6862,6.1041665
335,63.06785,204.79974,154.79607,5.906915
336,62.18347,200.6573,152.14862,5.938696
337,66.0588,215.45976,161.30075,5.9867263
338,75.14615,228.19905,150.10893,7.2990065
339,59.48695,187.71236,141.14954,5.847807
340,64.08755,207.8681,157.01022,6.0119696
341,64.17063,209.20477,157.19807,5.9775996
342,64.32705,209.55685,157.83864,5.945456
343,63.9421,207.16145,156.4667,6.0240073
344,62.49675,200.69318,152.92213,6.1043816
345,63.97574,207.81787,156.46373,5.9002786
346,63.212257,203.68097,152.7596,5.925779
347,63.414238,204.39697,151.7512,5.8395705
348,66.0299,216.36888,161.49297,5.886625
349,65.40777,191.73898,130.40555,7.1073556
350,72.93415,219.59642,144.56215,7.1046853
351,70.76351,211.29724,140.63138,7.2180033
352,58.81982,187.90547,141.08237,5.6587152
353,64.0675,207.43048,156.49843,6.026171
354,62.630104,202.65303,152.19594,5.9469967
355,65.639336,211.6573,156.54549,6.0165515
356,72.66119,218.39804,144.16225,7.146253
357,62.307877,201.40378,153.31935,6.0415826
358,63.197998,203.98463,153.94322,5.905797
359,65.139786,209.96007,154.95702,5.8410616
360,65.20498,211.86235,159.2493,6.0626655
361,71.130486,212.86382,141.45299,7.058849
362,66.29571,216.2168,161.36835,5.9335313
363,67.17116,220.07254,162.57889,5.8281407
364,62.946373,202.3855,151.08328,5.822245
365,66.67183,203.29565,139.91003,6.677772
366,61.281635,197.13666,150.56844,6.0398765
367,72.77934,218.74434,144.44667,7.201176
368,62.299088,201.29083,152.7129,5.9807816
369,74.72778,226.09273,148.04903,7.3616743
370,64.90592,211.7406,158.94518,5.865002
371,61.636803,197.77649,145.80058,5.653944
372,63.754784,205.92747,154.6811,5.897818
373,66.54245,195.88593,132.54375,7.151584
374,65.553795,205.42079,148.85983,6.2260785
375,69.45635,206.3904,138.07893,7.113416
376,65.82149,201.63208,141.30942,6.481744
377,77.77619,237.87599,153.79259,7.4021716
378,62.785828,202.16238,152.97333,6.0102677
379,65.89178,214.24934,160.37444,5.9701977
380,64.491356,202.59607,147.39783,5.9291577
381,67.466194,221.68027,164.507,5.891798
382,75.282036,228.37444,149.04591,7.2653594
383,62.502853,201.9599,151.90817,5.842991
384,78.1146,239.44797,154.3036,7.3522935
385,65.381325,212.39134,158.9211,5.914924
386,68.19639,201.9847,135.70097,7.285867
387,62.691193,195.7981,141.33618,5.995142
388,64.06533,207.37224,156.55586,6.088371
389,66.505974,216.26585,160.71886,5.893295
390,62.650246,202.04984,153.57005,6.1130657
391,64.23498,208.29518,156.02902,5.8149858
392,61.260574,197.58006,149.80556,5.863751
393,62.827465,202.5873,153.82341,6.048131
394,63.60736,205.87227,155.47218,6.0450687
395,62.770176,203.04439,151.85736,5.730207
396,60.917053,194.34218,142.1774,5.5922647
397,62.351246,200.5934,152.74867,6.070272
398,68.98849,204.7593,137.22417,7.170116
399,70.969536,211.93849,141.04147,7.276282
400,69.67959,227.03764,165.18224,5.9853234
401,61.39827,191.71935,142.83183,5.920585
402,77.66437,237.84642,153.4015,7.2973933
403,64.190445,195.571,142.1685,6.6186833
404,66.27433,216.01198,160.90337,5.8921247
405,65.96575,218.23622,162.47578,5.830659
406,70.87078,218.08423,147.0693,6.702276
407,72.780495,219.02832,144.21478,7.074594
408,75.185524,227.54521,149.19041,7.2772603
409,62.839676,201.77177,149.40181,5.7697916
410,63.39526,205.65009,155.81505,6.0978394
411,65.11948,212.02873,158.38228,5.9176636
412,63.51951,206.93593,155.63615,5.979981
413,64.11167,208.78047,156.19756,5.7462134
414,67.18576,211.14201,150.0745,6.0663958
415,70.689964,211.1002,140.40015,7.2271247
416,63.965477,208.07942,156.36502,5.845089
417,62.74323,201.99309,153.27522,6.0685687
418,64.93445,210.90686,159.12334,6.0211954
419,65.160194,212.12856,159.6605,6.0222406
420,64.15664,209.0027,156.35185,5.7507124
421,62.043137,193.77826,142.02652,5.950649
422,64.60419,210.50197,155.9771,5.796639
423,62.923546,203.57542,154.2777,6.028818
424,61.16667,196.66797,150.09581,6.02048
425,63.04988,203.91391,152.54605,5.724537
426,67.76737,221.70374,162.52365,5.9214177
427,67.95673,214.34108,154.57779,6.232034
428,64.36063,208.52391,157.12527,6.017637
429,65.077446,211.56264,156.57141,5.84642
430,68.42777,202.58522,136.34998,7.282524
431,65.95237,214.93507,158.51112,5.855459
432,84.77074,266.62762,166.60115,7.195002
433,81.47552,253.11412,160.45702,7.242946
434,69.09908,204.76167,137.56526,7.151177
435,68.529335,202.7462,136.3796,7.1580105
436,82.20803,255.75441,161.86972,7.3695054
437,84.21173,263.98816,165.51581,7.280087
438,79.53381,245.54755,156.68506,7.187157
439,85.90799,271.02542,168.85849,7.2275314
440,81.875084,255.37987,161.06502,7.16271
441,81.06399,251.96387,159.45721,7.1394057
442,83.8523,261.69308,165.27263,7.5618834
443,82.62574,258.05402,162.58318,7.2531753
444,83.67025,261.67255,164.53136,7.27922
445,82.348885,256.979,162.04788,7.2138104
446,82.14722,256.23517,161.5594,7.1673183
447,74.72518,228.21872,148.70164,7.1626773
448,84.08373,265.36676,165.54549,7.079935
449,83.1842,260.19562,163.48668,7.1729813
450,82.39825,257.6295,161.95464,7.0741525
451,78.89133,242.2563,156.47021,7.4215827
452,83.50908,261.19727,164.34059,7.351703
453,81.04171,252.24193,159.41805,7.132358
454,79.12264,244.25317,155.86436,7.1747017
455,81.09227,252.05534,159.52779,7.1501837
456,79.309135,244.91634,156.24725,7.1243095
457,88.445076,282.4939,173.76265,6.995926
458,76.81672,235.33888,151.6698,7.1668196
459,83.78423,262.06512,164.79865,7.363646
460,81.01769,251.78905,159.47704,7.2079306
461,76.34168,233.25693,150.70905,7.179225
462,78.90598,243.36679,155.43358,7.1608787
463,84.70905,265.9757,166.38063,7.2026916
464,81.28379,252.63953,159.96011,7.190919
465,83.23615,260.10413,163.6518,7.233566
466,82.41595,257.1235,162.04662,7.1917315
467,82.84817,258.57837,163.19757,7.342716
468,79.91433,247.25377,157.37535,7.2065268
469,82.52242,257.10492,162.43498,7.3546844
470,81.40786,253.74509,160.12502,7.0976214
471,83.84272,262.33618,164.78975,7.211475
472,75.58964,229.78989,149.77913,7.4564776
473,86.78817,274.65057,170.24055,7.109789
474,84.483864,265.30222,165.92805,7.1878123
475,82.12819,254.4154,162.16068,7.542265
476,79.45948,245.02013,157.07675,7.4948535
477,88.15624,279.15698,173.09377,7.3539987
478,89.059456,283.29187,174.61568,7.184666
479,84.46566,265.32074,165.97914,7.2370296
480,83.41214,259.50696,164.49788,7.5122056
481,83.493706,259.84238,164.71031,7.511362
482,84.93861,265.50204,167.36583,7.537493
483,79.32459,245.84001,157.69118,7.428838
484,73.75944,227.00998,148.9377,6.955941
485,63.62643,204.4734,149.35188,5.783928
486,73.161674,223.94487,149.3508,6.931928
487,72.61894,221.43272,146.62193,6.8915935
488,81.04514,254.32466,162.40962,7.2332554
489,82.14076,258.11862,164.34401,7.293526
490,74.57588,225.86142,148.06232,7.210801
491,74.72707,226.19331,148.23232,7.2736664
492,73.512245,221.43608,145.97179,7.2263465
493,73.81024,226.99663,149.7105,7.213398
494,72.45278,226.50105,155.46486,6.632746
495,71.708496,214.35027,142.92746,7.300282
496,75.59495,229.41695,149.87556,7.3253856
497,74.04415,223.55226,146.86385,7.2263203
498,70.82363,227.86363,160.7545,6.114859
499,78.043724,239.27925,155.3993,7.38761
500,73.21001,223.6424,149.07063,6.9588575
501,75.943535,230.78471,150.50961,7.323145
502,72.29011,239.88503,169.70232,5.5817885
503,84.78003,274.1206,175.47238,7.1447825
504,63.30944,200.46223,146.56169,5.97503
505,79.23884,243.76912,156.67699,7.3424582
506,76.24148,231.96783,151.0428,7.33765
507,75.905815,230.97748,150.88322,7.3761954
508,82.23118,254.63837,162.95949,7.6051526
509,81.51934,253.33336,161.10832,7.310518
510,72.613014,218.12326,144.27579,7.1928434
511,74.88235,227.24854,148.94,7.178661
512,76.72229,233.78136,151.98798,7.3121576
513,76.79215,233.6835,152.34312,7.4149995
514,78.972534,255.21283,170.86658,6.561428
515,71.72526,226.8481,152.70747,6.3276033
516,83.71669,260.9964,165.15776,7.4430394
517,73.256676,220.40004,145.53172,7.240621
518,73.45399,221.27382,145.77632,7.2089515
519,68.834404,205.90541,138.74213,6.903077
520,75.49874,229.5765,149.65099,7.174128
521,74.833305,226.65425,148.35155,7.213162
522,70.70201,216.63062,146.0625,6.680336
523,75.083244,227.58006,149.02731,7.276295
524,77.476776,236.62257,153.53044,7.386457
525,74.1144,223.67438,147.12129,7.263906
526,72.89663,219.17168,144.76524,7.1874394
527,74.37593,224.82713,147.58792,7.2606354
528,76.40313,232.46342,151.5418,7.3568435
529,80.81065,255.08415,162.92883,7.023644
530,75.49066,228.71054,150.50237,7.3973165
531,72.602516,218.03566,144.22768,7.183765
532,72.86898,224.56615,148.30482,6.7369385
533,75.126854,227.64133,148.93996,7.2460895
534,73.30279,220.67448,145.52983,7.220973
535,79.263374,243.76662,156.95084,7.305137
536,85.50955,274.904,172.53424,7.035231
537,76.04346,231.833,151.46266,7.3584414
538,73.79008,222.45656,146.44327,7.2428427
539,68.74814,210.42862,143.34937,6.574615
540,73.027504,219.52713,145.06721,7.241747
541,76.249176,231.912,151.17035,7.35278
542,76.32283,232.39432,151.21065,7.243091
543,73.67786,222.16306,146.30339,7.192761
544,73.682365,222.05104,146.2724,7.2536397
545,72.70336,218.38258,144.42574,7.208823
546,66.21064,207.24013,143.70494,6.0790906
547,73.997154,223.5158,146.73308,7.203488
548,72.77479,218.66441,144.57095,7.1905465
549,72.78817,218.7114,144.59764,7.209245
550,78.627846,240.60124,156.17169,7.499647
551,73.00743,219.75816,145.05795,7.1936555
552,62.690773,198.09769,143.4118,5.77375
553,77.63779,242.16826,157.0699,7.0955486
554,64.86737,198.08018,139.46458,6.314131
555,81.10546,260.51196,165.77258,6.577246
556,72.68263,218.34996,144.2662,7.1455164
557,75.765144,230.30522,150.06316,7.296956
558,72.76969,218.56181,144.60977,7.1962423
559,90.19401,297.01825,185.03009,6.9051003
560,77.7592,238.81485,153.53542,7.1442804
561,74.58761,226.43874,147.55756,7.0875506
562,73.59704,222.44858,145.6968,7.109514
563,73.7845,223.27745,146.07399,7.102982
564,73.95102,223.83229,146.37813,7.0987916
565,73.057304,219.83754,144.99043,7.075585
566,70.42104,212.25581,141.14627,7.50411
567,64.47613,188.51535,128.54625,7.1094136
568,74.60586,226.37325,147.59747,7.111775
569,74.46389,225.91353,147.31715,7.1033564
570,70.93091,212.00706,140.77657,7.0020437
571,74.33872,225.29802,147.127,7.111877
572,81.76205,255.7446,162.59756,7.32655
573,75.590675,230.10898,149.4305,7.1480274
574,75.15865,228.6766,148.61105,7.125274
575,74.562195,226.25116,147.50038,7.1185923
576,75.0725,227.9392,148.54729,7.1947556
577,75.319435,229.24791,148.8998,7.1104584
578,74.413055,225.65138,147.17604,7.0885243
579,74.74003,226.9625,147.75102,7.053312
580,73.73928,222.85982,145.97255,7.0874786
581,75.324776,229.33432,148.92201,7.111735
582,73.583015,222.49788,145.68346,7.0782666
583,74.113785,224.48946,146.67531,7.0982375
584,73.48398,222.03334,145.48067,7.076243
585,75.23177,228.88766,148.6314,7.0726113
586,74.59291,226.4047,147.5898,7.124222
587,75.92337,231.04564,150.24431,7.275512
588,74.01265,224.06715,146.51094,7.094921
589,74.16396,224.65369,146.74843,7.0883603
590,74.13079,224.48134,146.7389,7.1129785
591,74.70191,226.8374,147.76985,7.1329308
592,74.03509,224.04283,146.57716,7.1506834
593,75.29872,229.12134,148.8484,7.109299
594,75.773735,230.67937,149.78416,7.178167
595,74.59241,226.40973,147.56264,7.126791
596,74.5857,226.34874,147.5324,7.113846
597,74.68188,226.64055,147.76555,7.125419
598,73.94229,223.81297,146.33769,7.104284
599,73.2573,221.0317,145.12355,7.089017
600,74.296104,225.04524,147.01228,7.0974526
601,74.98585,227.68188,148.2065,7.05955
602,78.78397,241.99504,155.57158,7.2697325
603,87.09281,277.40637,173.07512,7.4279385
604,75.234604,229.00359,148.76137,7.136312
605,74.525215,226.08687,147.4261,7.127071
606,74.55441,226.21944,147.47917,7.1195593
607,75.632065,230.53639,149.50174,7.140934
608,74.71282,226.83505,147.79079,7.1285086
609,74.88902,227.48949,148.09846,7.1190143
610,75.24706,229.01466,148.7282,7.0933695
611,75.215706,228.8354,148.64848,7.077865
612,75.1629,228.6071,148.56819,7.086323
613,74.473595,225.9074,147.3723,7.126181
614,75.255165,229.0448,148.81685,7.1347785
615,74.32178,225.31978,147.0821,7.1216593
616,74.15193,224.59892,146.77428,7.1113863
617,73.79978,223.30557,146.08131,7.0871024
618,75.45704,229.79955,149.15048,7.1011744
619,74.572426,226.29863,147.49744,7.082154
620,84.68008,268.9876,168.47827,7.2340283
621,74.33733,225.30132,147.12468,7.128025
622,75.047806,228.17401,148.42891,7.128851
623,74.603035,226.38902,147.60324,7.127569
624,74.327034,225.3261,147.08945,7.1176867
625,74.34571,225.37115,147.09871,7.0947123
626,75.94741,231.744,150.098,7.1182933
627,90.014206,285.98114,178.04488,7.685076
628,74.610405,226.46169,147.59477,7.1186056
629,74.59108,226.29887,147.5923,7.1294937
630,75.131386,228.5099,148.57277,7.1331034
631,74.74624,226.95604,147.86331,7.124472
632,74.396545,225.6307,147.1823,7.1005335
633,76.64324,234.48735,151.33644,7.100785
634,75.76156,230.99812,149.722,7.1195364
635,75.25125,228.94005,148.73895,7.0951924
636,77.542656,237.7383,153.18208,7.132108
637,74.71244,226.81444,147.78226,7.120108
638,75.249245,229.06181,148.78284,7.1270785
639,74.96696,227.81178,148.26988,7.133268
640,75.405785,229.47153,149.09125,7.1389575
641,74.17193,224.7654,146.76309,7.1048126
642,74.34113,225.36128,147.09657,7.111272
643,75.67106,230.69655,149.57039,7.1242156
644,75.068756,228.2187,148.42096,7.112376
645,87.852516,276.72363,173.76259,7.69249
646,74.088005,224.41534,146.6102,7.1028543
647,74.45794,225.87843,147.29118,7.11136
648,74.93501,227.77266,148.17204,7.1206007
649,76.27149,232.4496,150.92412,7.291409
650,84.917244,266.29306,167.18208,7.3875074
651,75.1686,228.27383,148.83192,7.205423
652,76.309135,232.97743,150.85414,7.172957
653,75.32425,229.20393,148.95879,7.1626716
654,76.55003,233.94084,151.20226,7.1699634
655,77.58449,237.8608,153.32648,7.255197
656,74.13456,224.61696,146.6913,7.0857577
657,73.857376,223.4573,146.22533,7.1027536
658,80.77323,249.2515,159.80397,7.488767
659,94.73579,307.19672,187.62282,7.460701
660,90.49475,289.74078,178.35445,7.292758
661,82.09893,255.31177,162.53578,7.4870105
662,74.00621,223.99849,146.49525,7.117472
663,74.45238,225.58675,147.26569,7.1038623
664,75.57098,230.11838,149.28563,7.130973
665,77.66388,238.0006,153.37709,7.261961
666,74.850586,227.49712,148.02022,7.1175227
667,73.92499,223.73495,146.33006,7.1004553
668,79.97832,247.22769,157.78615,7.2760944
669,76.07504,232.23299,150.25798,7.091574
670,74.80187,227.18921,147.92744,7.106801
671,75.773415,230.99434,149.78749,7.17059
672,74.52415,226.14766,147.41823,7.1059422
673,74.11243,224.47331,146.66264,7.098978
674,76.435745,233.6655,150.9193,7.0970225
675,74.44012,225.79762,147.23643,7.108429
676,74.58177,226.33623,147.51756,7.1193776
677,76.795456,234.80539,151.75267,7.2304645
678,76.39752,233.36763,150.97548,7.205466
679,74.20609,224.88869,146.8315,7.1115737
680,81.45006,252.19153,160.82036,7.429245
681,74.8544,227.45068,148.02025,7.1018815
682,73.66247,222.71721,145.85489,7.1044345
683,74.47192,225.91652,147.36276,7.1270485
684,74.15858,224.69691,146.75401,7.102545
685,74.75941,227.05977,147.90753,7.128839
686,74.26461,224.67519,147.73175,7.2830396
687,74.37321,225.467,147.16383,7.122206
688,73.31367,221.36848,145.178,7.077419
689,73.74084,222.99403,145.99327,7.099654
690,74.84904,227.4651,148.04509,7.1158786
691,82.3104,254.78304,163.10239,7.635573
692,73.95635,223.92964,146.34102,7.093063
693,74.008705,224.08806,146.46939,7.094927
694,74.49574,225.91719,147.4024,7.128741
695,75.11781,228.51735,148.53798,7.1227484
696,74.63554,226.54987,147.642,7.118153
697,90.09162,286.1404,177.7464,7.58463
698,73.59896,222.55525,145.68011,7.082128
699,73.42162,221.79622,145.36797,7.0841403
700,73.97126,223.8977,146.404,7.1010203
701,74.52719,226.20233,147.41833,7.108723
702,74.44443,225.8123,147.26637,7.1046143
703,74.60447,226.35066,147.6074,7.1268764
704,79.17634,243.72838,156.92003,7.3978195
705,72.75507,219.15163,144.13437,7.0649447
706,73.29217,221.26463,145.14268,7.0765166
707,73.712265,222.81819,145.97458,7.1166625
708,74.310715,224.90488,147.24889,7.1106095
709,74.053535,224.22853,146.57552,7.097394
710,73.91238,223.66751,146.28325,7.0873647
711,89.17725,283.44568,175.33485,7.3286376
712,75.23535,228.61917,148.87004,7.1387253
713,73.59084,222.32455,145.76776,7.099593
714,74.34463,225.14247,147.23604,7.1251817
715,74.29223,225.42319,146.75615,6.9761224
716,69.92277,232.62013,172.2874,5.9712143
717,76.418945,257.69797,189.13185,6.2230535
718,63.37823,203.32387,153.06612,6.1720157
719,64.33329,206.71367,155.07668,6.146397
720,65.267204,212.51053,160.49698,6.088542
721,65.35133,212.41997,158.37364,5.909174
722,65.13395,212.96916,160.72173,6.0516906
723,76.44106,259.16064,188.55873,6.0117884
724,73.864365,247.36989,180.22218,5.999366
725,77.85322,265.8748,190.00731,5.8488564
726,71.714775,238.80269,176.69264,6.06329
727,85.55111,297.17905,208.93869,5.842529
728,79.58791,270.0954,187.66478,5.6337433
729,73.38243,243.72874,174.71202,5.85048
730,74.46085,244.42615,176.76422,6.176836
731,82.73235,284.12555,205.03667,6.245329
732,78.23957,266.7094,193.94531,6.078586
733,84.453186,290.95184,209.11702,6.2605386
734,66.7785,218.65245,160.4712,5.7854204
735,71.02497,236.79776,175.0218,6.0212846
736,70.27742,232.64383,172.02773,5.932795
737,69.56416,229.27583,170.39354,6.0860434
738,71.19766,234.55074,170.78545,6.0413275
739,74.08877,247.17516,180.9323,6.045874
740,66.195366,218.25381,161.73271,5.799719
741,69.97733,231.80406,170.46599,6.0056562
742,68.590225,223.0103,165.38034,6.148288
743,65.484146,212.29245,159.68695,6.0634356
744,68.63,226.23149,168.48497,5.910396
745,70.181755,224.36858,159.68239,6.339252
746,71.91716,243.44667,176.10936,5.5447607
747,69.440475,224.16188,161.09299,6.142492
748,76.66071,253.82353,173.17824,6.0999913
749,68.6506,223.7245,163.12563,5.9759974
750,72.57196,239.57677,173.28328,5.8981338
751,67.269066,217.37326,157.46106,6.037273
752,73.21041,245.35905,178.76799,5.9689612
753,71.5053,238.3496,173.86227,5.7635236
754,70.993645,233.20647,165.33961,5.8284097
755,70.996086,233.15309,170.0257,6.0197663
756,65.52014,214.36595,157.95576,5.742874
757,71.724724,237.75935,173.30605,5.9290204
758,68.32991,202.83156,137.2631,7.0554156
759,79.87848,245.86841,158.4099,7.166886
760,73.941696,223.13652,147.04327,7.391487
761,70.38079,212.52806,145.38893,7.095614
762,67.01528,217.25711,157.02283,5.8579154
763,93.31644,307.10968,188.65736,7.169077
764,76.676186,256.56546,172.18016,5.7882657
765,75.62919,257.87927,186.27863,5.81517
766,79.6189,272.27728,186.55746,5.958304
767,84.17337,284.0902,194.95372,6.467168
768,75.49754,259.45142,184.26198,5.6321635
769,66.450554,200.90004,137.2754,6.8361588
770,89.41428,306.65485,214.67372,6.5494356
771,84.95031,294.2058,210.09303,6.039984
772,74.536835,245.02791,173.00282,6.1686907
773,72.78181,244.39288,180.0981,6.0545654
774,81.37777,279.89548,202.04765,6.012511
775,70.43624,226.40656,159.99638,6.1526117
776,80.73792,277.049,200.30644,6.059699
777,70.77764,212.06401,141.25441,7.5632434
778,67.145996,204.85329,138.25798,6.5553784
779,86.09034,273.72437,171.98004,7.469289
780,72.38059,226.43587,151.00175,6.734577
781,76.72984,249.17044,175.1763,6.7884316
782,76.54623,250.2179,166.4373,6.1225963
783,75.25301,242.80086,166.05055,6.6109357
784,69.63679,216.18626,145.62431,6.5768456
785,79.9795,262.82623,177.93373,6.6831846
786,70.082275,224.59012,158.80516,6.276388
787,79.89803,246.70453,158.94432,7.546617
788,83.793724,261.5183,165.74223,7.5982604
789,65.66663,202.19356,136.32243,6.603885
790,67.96369,201.10432,136.21501,7.3507986
791,75.73489,229.8384,150.51712,7.35018
792,71.542366,216.9358,144.42332,7.0898795
793,67.82913,202.42274,136.70744,6.9685335
794,67.4895,201.61247,136.48927,6.8643794
795,66.633736,199.35707,135.86678,6.697756
796,82.879845,289.60052,207.93782,5.968602
797,66.942055,219.81718,165.39265,5.9250536
798,71.747734,231.23347,168.29585,6.7555327
799,87.64796,310.01874,220.40349,6.0903554
800,84.14309,293.81134,211.0927,6.322272
801,81.34988,283.42725,202.28493,5.950346
802,83.82498,293.1262,210.18611,6.1988187
803,83.35413,292.1537,208.93913,6.117937
804,85.28393,302.3774,214.53162,5.971245
805,78.439476,269.73975,196.64308,6.4079843
806,79.42985,276.54532,194.99939,5.9804835
807,68.35326,224.14755,168.58987,6.315047
808,72.6456,245.14987,178.32239,5.9577255
809,78.37128,266.1587,193.54381,6.0995336
810,67.81135,219.94463,160.8498,5.978757
811,69.700294,223.78911,161.4135,6.262488
812,63.24996,204.75839,155.80638,6.0944295
813,70.52823,236.50629,174.82379,5.8463244
814,61.977085,198.11621,152.44795,6.411529
815,62.78994,203.23575,154.82228,6.0682197
816,63.99236,199.50932,147.12134,6.4790845
817,65.141754,203.72139,149.53218,6.6439257
818,65.572426,205.32039,150.48123,6.685653
819,67.62324,213.39984,154.11018,6.6909957
820,72.45682,217.98615,143.57814,7.084433
821,73.84295,223.47299,146.15898,7.1082816
822,73.78347,223.06755,146.17296,7.147301
823,74.67194,226.56749,147.77644,7.1690593
824,74.91999,227.59984,148.24979,7.159929
825,71.15907,220.55951,145.82545,6.5011387
826,81.842,253.42087,162.08073,7.598859
827,73.74387,222.99269,146.07387,7.146648
828,71.175705,216.13914,142.14781,6.9282804
829,79.33344,251.95447,163.76811,6.98875
830,76.75768,257.9828,180.04768,5.7019205
831,71.04246,235.3383,175.37715,6.2082386
832,76.63007,257.39743,184.8886,6.204206
833,86.58362,299.5549,212.65224,6.1258073
834,63.34698,201.65623,155.5341,6.678043
835,61.890457,197.4284,152.21825,6.461312
836,63.061016,200.80707,154.87323,6.6605225
837,73.14552,219.9233,145.54063,7.243897
838,71.482994,213.67232,142.65086,7.228269
839,74.45983,226.10481,148.25996,7.0869756
840,68.486725,204.86902,137.67892,6.866745
841,76.29424,233.49518,152.50072,7.2600703
842,69.91848,207.90308,139.29259,7.0519776
843,73.2197,220.8412,145.12572,7.0902863
844,76.13448,232.02965,150.56488,7.1023726
845,77.33977,236.71257,152.82121,7.1298075
846,72.25895,216.86577,143.51833,7.1130614
847,74.82076,226.97305,148.32353,7.250091
848,75.72193,230.33177,149.9302,7.2781596
849,75.3287,228.91316,149.05653,7.154482
850,73.66642,221.96574,146.46275,7.302666
851,76.0566,231.57426,150.62608,7.3342576
852,75.38129,228.67415,149.48804,7.2829013
853,80.381035,274.72116,198.02582,5.9178414
854,68.75016,224.50551,165.16357,5.757814
855,70.59586,234.60803,174.24426,6.1142926
856,62.29145,201.2849,153.59767,6.064929
857,63.318985,205.41415,156.13411,6.0601783
858,65.559074,213.9339,161.21501,6.0167994
859,66.14086,215.49129,157.6334,6.168554
860,63.00009,204.32603,155.44308,6.0377717
861,62.204,200.98546,153.44624,6.0946937
862,61.44578,197.45828,151.47864,6.203676
863,63.79766,206.8582,157.22119,6.111794
864,62.320568,201.20305,153.69707,6.1230464
865,64.529625,210.13591,159.19896,6.0851784
866,65.74417,214.48361,162.06425,6.1498523
867,61.727924,198.26836,152.05388,6.2206306
868,60.893566,193.76929,145.1794,6.213376
869,61.787956,198.54362,152.19609,6.229744
870,68.2936,224.54405,168.3605,6.135051
871,62.09863,199.96887,153.02504,6.1823735
872,77.629974,259.59833,185.49832,6.4638963
873,61.605904,197.71797,151.7348,6.2529945
874,63.03633,204.26613,155.60555,6.115686
875,61.475998,197.83202,151.52837,6.1184382
876,62.540344,202.2622,154.31056,6.100334
877,62.770706,203.0982,154.77635,6.069384
878,61.82898,199.64915,152.34045,6.06186
879,67.8816,218.95886,161.76302,6.061787
880,81.0441,279.74652,202.15642,6.000238
881,76.18897,260.22653,189.93294,5.9516253
882,70.737206,235.10393,174.85706,6.03083
883,71.91693,243.26146,179.2,5.910077
884,66.42055,219.25102,165.15005,6.203789
885,70.42802,238.96231,174.24611,5.996613
886,75.414894,228.84764,149.86922,7.3834486
887,80.367294,248.89818,158.88426,7.4163237
888,75.739716,246.58815,168.56792,6.282658
889,73.51382,222.59175,145.38611,7.025722
890,77.164955,236.31273,152.37375,7.1705422
891,74.26295,225.25221,146.6819,7.077472
892,87.48338,276.26602,172.06902,7.52624
893,74.23978,224.4446,147.17941,7.1315007
894,82.85432,257.78705,163.50279,7.4090667
895,80.3617,248.27402,158.59633,7.3435955
896,75.00465,227.85802,148.24083,7.0695333
897,77.8486,237.8361,154.31734,7.4462442
898,75.64362,229.75754,149.76965,7.1786036
899,82.90604,257.67627,163.61813,7.4739604
900,85.49941,267.8418,168.6605,7.5416965
901,76.320274,232.97905,150.73137,7.0934386
902,75.20684,228.67784,148.81522,7.143332
903,74.06423,224.03633,146.65254,7.109021
904,72.340904,217.54865,143.35677,7.021523
905,67.72793,200.44862,135.07158,7.3697743
906,74.066185,224.27141,146.64606,7.120435
907,74.55458,226.21907,147.4773,7.1243076
908,74.31453,225.29694,147.04234,7.1250367
909,74.74038,226.98964,147.8507,7.1337924
910,74.389915,225.60332,147.189,7.122579
911,74.732735,226.98622,147.81909,7.127296
912,74.20368,224.80096,146.87514,7.1350965
913,76.43551,233.43459,150.93886,7.142673
914,80.461815,248.52205,158.82364,7.45222
915,73.92594,223.71877,146.3553,7.1021643
916,74.39414,225.6308,147.21544,7.107634
917,74.13571,224.68077,146.6933,7.1114335
918,73.96525,223.95528,146.3846,7.1117015
919,73.83468,223.43541,146.13655,7.116543
920,73.76556,223.15648,146.0206,7.111734
921,73.265495,221.21356,145.08084,7.085056
922,73.2757,221.40746,145.0431,7.0574927
923,64.16749,208.38165,158.40575,6.1347623
924,62.11826,200.22128,153.23856,6.1988854
925,71.194084,235.08434,169.08113,5.9256077
926,69.79478,229.3846,167.10924,5.9378085
927,62.99026,204.46867,155.53096,6.036516
928,64.57464,210.63408,159.46309,6.034243
929,67.108475,220.38615,165.5833,6.108184
930,66.674835,219.44312,164.67593,5.9622483
931,70.63585,233.4369,172.39844,6.101807
932,67.9002,222.67886,165.6975,6.166981
933,79.99649,274.93774,198.48735,5.9651146
934,72.08877,241.35188,177.65686,5.9916606
935,76.072044,257.9395,188.57689,6.050918
936,69.02952,226.22078,163.87021,6.024321
937,73.34353,245.68837,180.86298,6.2155766
938,73.00869,247.93211,181.69075,5.715714
939,63.52001,207.19852,156.43657,5.91533
940,65.70884,214.79,162.75465,6.3833103
941,68.893684,228.24498,171.2994,6.4467144
942,69.57014,232.13237,173.31068,6.2878375
943,68.0648,223.62987,168.88611,6.5883064
944,61.711945,198.40483,150.85431,6.148894
945,72.91184,239.25761,172.22015,6.31507
946,87.54811,277.13327,173.39165,7.582913
947,72.30139,234.70853,166.69814,6.505397
948,75.24856,232.61732,155.31201,7.2427278
949,79.00504,243.17593,156.07787,7.360513
950,77.920815,239.14032,153.92912,7.2645288
951,90.18093,299.4997,186.65105,6.8055363
952,89.126915,300.52905,197.08345,6.5383177
953,79.695656,245.04079,157.70375,7.470594
954,80.83718,249.83022,159.66603,7.4958396
955,70.28385,211.9041,140.89107,6.9502873
956,82.342575,285.08386,205.49828,6.0012693
957,73.55433,249.5161,183.58405,5.960239
958,66.66421,220.5212,165.48985,6.0617776
959,71.898346,243.89256,179.6564,5.931489
960,75.36655,259.51132,188.96054,5.962282
961,69.62727,223.16905,159.22226,6.2516947
962,72.96699,244.64107,181.2758,6.2562914
963,74.84313,251.5586,184.72334,6.0683236
964,73.26612,245.3925,180.68312,6.0661182
965,72.57731,243.17563,178.77586,5.940989
966,73.92181,247.63612,182.62898,6.1360297
967,71.05079,235.88626,175.4075,6.1246557
968,69.92723,231.74568,172.50276,6.0678973
969,71.31811,221.95613,147.59041,6.6214523
970,87.37838,292.0167,192.48335,6.8072934
971,86.86305,285.1316,178.94638,6.744411
972,71.75683,220.02931,145.98549,6.7021194
973,79.687775,245.25848,157.80226,7.5446644
974,75.45649,230.10057,149.38931,7.032225
975,81.369995,256.88263,162.07016,6.9956326
976,78.790855,241.18803,156.28963,7.5803843
977,73.14908,220.90642,144.75218,7.093015
978,72.2876,217.11171,143.45865,7.1759973
979,71.55403,213.81909,142.42387,7.2850304
980,65.930885,214.006,160.53293,5.9948177
981,65.54245,210.89919,155.10289,6.093185
982,64.71668,209.44711,157.96918,6.0208545
983,63.218338,202.55125,151.56639,5.9044623
984,64.814354,209.3863,155.09541,6.0132
985,70.037285,230.02275,168.00044,6.012101
986,67.92221,201.45766,135.15807,7.4357104
987,68.433556,203.47374,136.10736,7.5064893
988,72.861755,219.89659,144.81989,7.5267205
989,72.635796,224.09631,149.81908,6.9997153
990,64.32917,190.94193,131.64005,7.200385
991,68.609535,204.08272,136.505,7.51246
992,69.52874,207.37119,138.37071,7.588147
993,68.07877,202.08582,135.4699,7.454155
994,68.62817,203.91455,136.69374,7.470808
995,68.95242,205.28664,137.21443,7.533817
996,66.08326,196.3995,132.58214,7.338632
997,67.33046,199.63385,134.40742,7.4010844
998,75.03544,228.3649,149.65486,7.916709
999,69.63177,210.77873,140.50328,7.456656
1000,69.071724,205.71161,137.5223,7.55748
1001,67.4107,202.01567,137.73799,7.255517
1002,64.98155,207.03918,151.04042,6.5581136
1003,58.77204,185.7725,139.53947,5.91836
1004,68.140465,202.25629,135.63258,7.4826226
1005,67.53003,205.52084,139.2557,7.0749736
1006,74.175865,224.80083,147.57768,7.212548
1007,70.05106,212.75029,144.87062,7.4095197
1008,65.85909,193.86903,131.12117,7.2646313
1009,61.069168,187.88899,139.43663,6.301797
1010,60.644382,187.42593,138.38817,6.1963143
1011,68.61266,214.59181,144.56633,6.8739424
1012,66.714424,196.93808,132.80946,7.326679
1013,68.04192,201.97667,135.3485,7.4553223
1014,76.69753,237.20998,153.39526,7.235087
1015,72.16477,219.98929,147.14896,6.952863
1016,80.671364,249.26523,159.92693,7.5151696
1017,69.53558,210.19919,140.99265,6.8967714
1018,85.51095,280.22433,180.38425,6.799306
1019,68.50429,212.56514,144.19785,6.215174
1020,84.47744,264.46954,167.5324,7.561416
1021,65.97747,210.61888,143.87956,5.8532643
1022,81.88203,262.93326,169.51585,6.9926867
1023,84.231514,262.74524,166.14879,7.566641
1024,87.325836,276.5141,172.02827,7.583718
1025,76.43781,240.68193,160.26848,6.7632866
1026,77.555145,254.72649,174.31248,6.346851
1027,76.39377,243.72975,160.60799,6.5096173
1028,78.312256,240.71326,154.52017,7.2522025
1029,69.83621,210.49736,140.30498,7.0394735
1030,77.3662,236.70267,153.07253,7.363373
1031,72.29368,220.8124,146.25758,6.989355
1032,76.897575,234.5749,152.30913,7.398182
1033,79.63658,250.54422,160.75792,6.9792743
1034,84.45629,265.90686,167.06627,7.2858872
1035,74.00433,224.06827,146.5106,7.1287537
1036,74.80349,226.9697,147.98848,7.2168303
1037,76.89109,235.22177,151.84848,7.1776423
1038,75.71586,231.93147,151.80312,7.4706354
1039,85.02009,278.51422,176.17767,6.724517
1040,73.02808,219.54164,145.12688,7.334493
1041,75.0669,226.71779,149.42117,7.429027
1042,75.711235,230.45746,150.5212,7.2835593
1043,69.667656,224.92288,159.61818,6.324815
1044,63.91148,204.39363,151.09715,5.8637567
1045,69.25944,214.64633,142.23941,6.2786784
1046,63.346596,190.761,133.89232,6.5375714
1047,74.63044,230.05867,151.92198,7.2931914
1048,72.294914,240.91692,165.55339,5.7620173
1049,70.26295,233.04958,167.44173,5.6670127
1050,71.692955,238.31836,171.46635,5.7382226
1051,74.96078,252.05836,180.03548,5.707183
1052,70.41056,233.42415,169.11432,5.8077655
1053,66.900246,198.5883,134.52458,6.8767114
1054,64.86379,189.77846,129.25816,7.055018
1055,65.56156,192.26912,130.63466,7.081141
1056,66.83704,196.67586,133.02208,7.054434
1057,66.60151,195.66774,133.07886,6.927322
1058,69.541756,206.48921,138.41971,7.126825
1059,68.16906,201.61967,135.417,7.050953
1060,68.4135,202.49219,135.90314,7.0184846
1061,68.20112,201.60591,135.6386,7.046534
1062,83.296715,259.67877,164.12134,7.3975964
1063,79.38056,248.49898,158.19366,7.045903
1064,82.48037,261.23938,163.60655,7.004862
1065,76.14288,232.7671,150.48431,7.151555
1066,72.05488,216.89967,142.5511,6.9783463
1067,74.66083,226.69318,147.54742,7.1338835
1068,73.08859,220.48982,144.70146,7.158688
1069,75.58046,229.83592,149.59024,7.348044
1070,80.108284,248.68987,158.24075,7.1929536
1071,74.05636,224.50136,146.37767,7.094835
1072,76.20367,232.27315,150.75163,7.359313
1073,70.743065,211.60228,140.17154,7.0267615
1074,73.57896,222.31047,145.61745,7.1821084
1075,72.4653,218.35608,143.38464,7.0519466
1076,80.88533,250.4781,159.95874,7.494378
1077,74.227905,224.73682,146.89095,7.2159514
1078,79.64252,245.73619,157.52217,7.402056
1079,73.805786,223.65979,145.97089,7.103827
1080,73.177414,220.76118,144.88612,7.1575837
1081,81.59595,253.6516,161.16924,7.414365
1082,72.94656,220.18065,144.28387,7.05586
1083,74.58488,226.67918,147.3697,7.0989127
1084,84.62397,264.36307,166.86674,7.5326595
1085,69.061714,204.84769,137.33965,7.0985093
1086,68.240974,201.54373,136.39392,7.0719666
1087,76.57674,234.68959,152.86256,7.311786
1088,87.6898,288.5358,182.18352,6.8387094
1089,80.08494,255.73412,163.32585,6.6987696
1090,73.908325,222.67331,146.94005,7.239759
1091,73.55378,221.72195,145.884,7.197435
1092,71.524635,217.50595,144.941,7.0494814
1093,71.96871,215.45354,143.19243,7.178957
1094,75.06069,227.52039,148.7722,7.2926855
1095,68.36209,204.96765,137.9558,6.8461018
1096,69.592735,208.92859,139.95482,6.960446
1097,68.98531,206.79759,138.73628,6.908542
1098,68.18688,204.24142,137.6674,6.820753
1099,69.28774,206.61693,138.81496,6.967136
1100,77.43807,237.12677,153.5329,7.304118
1101,73.13445,220.14584,145.14877,7.195397
1102,70.1285,209.0074,140.1823,7.0655847
1103,70.44376,209.76524,140.51813,7.092278
1104,70.789604,210.86119,141.02278,7.1371884
1105,74.07945,223.75385,147.07631,7.2490425
1106,72.13427,216.03735,143.38528,7.1168666
1107,68.18528,201.67859,135.74641,7.2380385
1108,68.755226,203.83731,136.59131,7.1387477
1109,68.80416,203.86519,136.95018,7.266707
1110,69.93201,207.80887,139.47406,7.4129386
1111,68.36875,202.49684,135.98878,7.2167516
1112,69.33967,205.96263,137.7458,7.1977687
1113,69.784615,207.31339,139.23958,7.4258204
1114,68.29554,202.14687,135.82428,7.192228
1115,68.99258,204.9888,136.93535,7.024287
1116,70.81904,211.53334,140.4604,7.18125
1117,66.67869,198.41835,135.10835,6.699427
1118,67.40791,198.47096,134.52246,7.116429
1119,67.50436,198.8784,134.66545,7.1085763
1120,72.219284,218.05502,145.05696,7.024731
1121,69.92337,207.71536,139.12497,7.1007423
1122,68.62809,202.95753,136.75766,7.130917
1123,82.09023,254.8026,161.8439,7.352265
1124,69.60588,207.3697,139.35962,7.2000656
1125,67.53565,198.89961,134.9111,7.0273943
1126,69.23301,205.13078,137.95538,7.158615
1127,68.71356,203.30273,136.87024,7.038718
1128,69.431465,205.83601,138.26445,7.1108828
1129,69.83971,207.37108,139.11992,7.1227355
1130,67.167854,197.85567,134.36688,6.94268
1131,69.24483,205.45662,138.43646,7.1382065
1132,70.277435,209.00374,140.13524,7.206343
1133,70.21206,208.75462,140.09253,7.2384133
1134,66.87142,197.19153,133.92577,6.9175954
1135,73.88505,223.46574,146.46242,7.1559796
1136,66.17945,196.14558,133.26604,6.8134933
1137,69.78297,207.27039,139.13168,7.186895
1138,67.64501,199.68625,135.37996,6.9994946
1139,80.419525,248.14485,158.83556,7.3502254
1140,67.85407,200.39842,135.77916,7.01767
1141,68.69496,203.19722,137.25127,7.141244
1142,71.60952,214.11488,142.42836,7.2218676
1143,71.123276,212.30844,141.70686,7.236001
1144,68.6745,203.01366,137.0073,7.0772643
1145,68.815926,203.63199,137.2104,7.0668693
1146,76.41962,234.58223,152.50414,7.1905274
1147,71.684,223.96382,151.26677,6.781983
1148,85.40684,267.38126,169.42761,7.822533
1149,70.69076,230.31902,160.79247,5.9951434
1150,65.54005,206.05672,144.5951,6.0845685
1151,71.12621,236.33743,171.01065,5.883941
1152,65.78301,209.61618,143.44124,5.9210944
1153,76.87895,234.87283,152.2173,7.385866
